pattern,commit,date
AddBuild,58497204aaca75c53394ff2dee6603315b8a2ea4,2013-09
AddBuild,922ca1dfc2127a5dc363e8c1e6c8a33c5a0a14c6,2013-10
AddBuild,8b6eb56a9570001634df1d2c7f38e7179a357362,2013-10
AddBuild,b016a0dd08999218a05a4b176bc08a9ff68ccc5e,2013-10
AddBuild,684f434cc05a122938b75e055d7d799f1dd58d55,2013-10
AddBuild,e2137086be7bc52893a790292635cfafc475b693,2013-10
AddBuild,0ab89d0bf8054c3146ec06df357946bb87f36729,2013-10
AddBuild,74af377bc25dd9ebcb0be12836abb6b401b5dd08,2013-10
AddBuild,80970472179a45609c0b11b80619bc8c32b15f77,2013-10
AddBuild,007fbbea9fc0ab667b0e873e8985698a3701b4e8,2013-10
AddBuild,6e6dc401d528e3b64626de82322fa237f1c1e576,2013-11
AddBuild,ab7474ea5361f5fe883feb5ae637a1c948df1507,2013-11
